recall_at_5,recall_at_10,test_users,train_rows,test_rows
0.07407407407407407,0.18518518518518517,27,192,28
